date,x1,x2,x3,x4,x5,x6,x7,x8
0.0,-1.0074188343964983,-0.32361419047876144,-0.49080779554797965,-1.353437504891537,0.29055082667839627,0.5000061829603525,-0.1618279386726068,1.0941950180687396
1.0,-0.2267756302803371,-0.4847512296222801,-0.09623451376824235,-0.1757099380708948,-0.4632716885035786,0.9169673736333723,0.9482111536183488,0.3029501378837093
2.0,0.15352125712289538,1.1227223862339513,1.0071791248213602,1.4483979362291137,-0.17549526303883006,-0.36735356169824523,0.9647831821802574,0.980591009875919
3.0,0.8520022762464746,0.7834957998324021,0.9398029555136397,1.2942056521255252,-0.596926613933829,-0.6288657285391627,1.2836837967501646,-0.23197507562517317
4.0,1.093378087132047,0.2969773249506161,1.141674547355602,0.772785296135597,-1.2666890943157474,-0.897607934550168,1.1898904406210082,-1.1365580942887266
5.0,0.21803168807801854,-0.7309801174478954,0.5424794183870705,-0.42310465817898074,-0.5283238429221682,-1.5785192228544354,0.7043866905070472,-0.41614820567458993
6.0,0.09916991337410155,-0.18843094738466248,-0.9010111991728543,-0.5017061643913836,-0.9218135982235219,-0.888923001556352,0.61965366020348,-0.3575525088429454
7.0,-0.6209526456687262,-0.9061607676316625,-1.3631814436630179,-0.07536322007206886,-1.2570681868001259,-0.442540952325179,0.4546405031727243,-1.517126020240812
8.0,-0.8433708074056252,-0.24997811287741234,-0.8299339495662802,0.011287487169424681,0.24146056708665706,-0.02021824785941906,-0.04294702965977195,-0.37622984627031286
9.0,-0.9090293434020812,1.3820107236537331,-0.5516880825568518,0.4349430719833436,0.7839490503406266,-0.19683835150986956,-0.39230514345913586,-0.23991405627585605
10.0,-0.557506501444405,1.1826283411952674,0.3931950545568885,1.8057182520403958,0.560285733804514,0.14519336356332696,-0.7477204983214203,-1.348602705637306
11.0,0.7256798044247862,0.03635553156675453,1.4515656099407312,1.1352471228060952,0.5659977898593254,1.1509889067558166,-1.1536951313208128,-1.1327008772357992
12.0,1.1478008862132567,0.9908616945103534,1.0466945648308974,0.8618100368525277,0.8180743083166734,0.5538011054418385,-0.7903969936862587,-0.7075233299217256
13.0,1.423040005660823,-0.6256214968440564,0.4503596267506333,0.1396166956979641,1.3337918742267878,1.022035605901466,-0.7015127495821093,-0.034678621265031545
14.0,-0.2025311567405721,-0.9279202228235321,-0.49413607886705024,-0.8999583531693756,1.008663492666348,1.2544531742621585,-0.6536520948568335,0.33935715159428836
15.0,0.04729572402862381,-1.6830825361084958,-0.986306689895436,-1.1026988490991325,0.5596553445141292,0.696060345388561,0.16617373992430134,1.1162401733400276
16.0,-1.5951130355743615,-0.4798168853135644,-1.122021379660827,-1.2675813772549802,0.28779446117007024,-0.4502598946666005,-0.0023753995492993007,0.6150260868281783
17.0,-0.5902311070749314,-0.26531393594118374,-0.23047155795003094,1.1201866391675428,-0.2452546634737856,0.2768384944984191,0.7444166715852202,1.0139773009562498
18.0,0.35849143466704847,0.8414755003483887,0.3562079937830188,1.3847849621743173,-0.9771691029113316,-1.283215601705325,0.6741586473235573,0.6629715483736158
19.0,1.1740053022368793,0.44095656353773294,1.3801763556357385,0.182338735481543,-0.5858941309274965,-0.49582300037159466,1.103536576637019,0.4934151862449749
20.0,1.6685902731443427,0.7065136729249456,1.0265060932548409,0.7820784899840529,-0.48333144190900057,-0.9632913827211885,0.737707630080543,-0.3258070413442472
21.0,0.7088252482188638,-0.4170089488103185,0.7716228427499767,-0.5102760235948843,-1.0059668887943678,-1.5378976450597688,1.0600306414008986,0.09727645716849148
22.0,-0.09974039936137724,-1.7710079820259832,-0.23266148112775328,-1.1784522703723068,-0.5452790232111127,1.0163025076566896,0.8974580851030944,-0.40150867510143173
23.0,-0.27764632302065156,-1.71327681135699,-1.0167178064925226,-1.2916569108620888,-0.4969309420789938,0.8156675886575067,0.22467800872016966,-1.6182725218924432
24.0,-0.8690009700421614,-0.4114984144677872,-0.5639393278614346,-0.09824688091231185,-0.05917421888777959,0.11523973736095672,0.5645383850806729,-0.3406188472626466
25.0,-0.3374067383445821,0.1431909596805426,0.00082301591610634,0.9203678267064672,0.40485691431051724,0.04078823170125119,-1.089656055264576,-0.9692224945597224
26.0,0.24423120571455575,0.4433670342668593,0.6559122661381604,1.1747730166990378,1.0189019877126526,0.810171016359416,-0.3818269046191959,-1.6481282912240753
27.0,0.59747316195238,1.568389822455622,1.4296543570566331,0.1773515525471253,0.9501793501571569,-0.11533785218173609,-0.7250003388487447,0.22818134640796894
28.0,1.7054177826431811,-0.04652527828695119,1.318977196340698,0.03691209380497923,1.3009887948873655,1.0187595439447068,-1.3038011931640752,0.07216591120224553
29.0,1.076984513167209,0.6668659764434294,0.2076692067417322,0.8353132028983556,0.6214961360713067,0.006445731091569873,-0.4243085494191727,0.7460855566091686
30.0,0.8873056749998711,-1.4245927011192088,-0.6688697890216551,-0.6801951447286061,0.9470210868918916,1.6105156067971738,-0.3576084944116337,-0.24908464989070833
31.0,-0.5040248577070782,-0.9139012250892566,-0.7799599136053583,-0.009502395440324274,0.2536052041473359,0.10284304377902775,-0.3812853312887938,0.8580781125535554
32.0,-1.1748344630186747,0.7278870987785027,-1.1003947267357566,-0.2637074601371049,0.3065688961499454,-0.10345729097404832,0.4051265326269967,0.9737972878318216
33.0,-0.7649440215541833,-0.16415957729409836,-0.4703410363084195,0.4959019307321118,-0.2752892940090439,-0.3793481436266838,0.46224989869165006,1.5322686062930044
34.0,-0.3044110717130417,1.2845053651254337,0.5562909118951331,0.37914569685273725,-0.7508367275379394,-0.4690717495044002,0.8800498568540872,0.3998042041605727
35.0,0.6873735205628567,1.7282663642516936,1.1253598082931113,1.606632430217271,-1.0080694264776606,-1.077583391424205,0.9484310569517481,-0.16550041421400974
36.0,0.781760253742063,0.725367501469015,0.8649555005017369,0.4677603776277963,-1.1556924271419355,-1.1575753376297546,1.2461027575282206,1.0213963571345706
37.0,0.963499766597548,0.3175143366847209,0.20906292120455355,-0.4972628422803907,-0.9889434511305593,-0.3783801713146816,0.740201525066964,-2.008552573146211
38.0,0.28130224724721153,-0.28495480176599347,-0.5125973242262563,-1.3515840685307203,-0.40289179301654693,-0.5450489988166101,0.7680763570910448,-0.5524874300925462
39.0,-0.45410612431452835,-1.4194653355064355,-0.9280391552717526,-0.22117273179285468,-0.14775031701925945,-0.48898409206405613,0.48784357490241803,-1.554685846476115
40.0,-1.0932571790425478,-0.2799946456856668,-1.8243870410689302,0.06366394599320441,-0.4082878419612309,-0.4050552343142812,-0.08714386995048012,-0.4628778002122363
41.0,-0.6641936287121865,-1.0374960360739665,-0.01898836299639356,0.7477605102928938,0.11066452936331231,0.10625936254898148,-1.054808735612044,-0.8772057047668086
42.0,-0.41634199030775054,0.8438914133553155,0.8041780727621759,0.5284624521705168,0.07052679769562875,0.1625510559568546,-0.42957162703403856,-0.07981269336649488
43.0,0.8701924229437679,1.5183150418474085,0.5124526926803004,0.46850101626573987,0.4091038175800901,0.7022406672013757,-1.2213632164257942,-0.22262862174470743
44.0,0.8192048097522795,0.6555697182845324,1.0091381252049538,1.2090472607486038,0.8877391409560207,2.139892335831836,-0.8396837906581011,-0.3114861375908268
45.0,0.7872369910675691,0.47509217741810705,0.21523972013913625,-0.5423955675576019,1.1314842114211912,0.9636013370745156,-0.6433280363857643,0.34462338640590906
46.0,0.2561824054258368,-0.6195766187913276,-0.7725797926723843,-1.2552724700247084,0.7928490317719,0.624692908251282,-1.0083318851755854,-0.33965431593982076
47.0,-0.6618843961173462,-1.3448738488754106,-0.7129078324244457,0.06979117316548478,0.10249132883905399,-0.6085629335495002,0.07256617211679356,1.416744981039292
48.0,-1.429451983162044,-1.3501180769123378,-0.9164716536786452,-1.8266137345916225,0.2079899022706189,0.7958171165178105,0.6106074168747145,1.2423716673505223
49.0,-0.46805102942977356,0.65161396448735,-0.5688487799522621,0.7097922277650921,0.23340642466905293,0.45128198777722767,0.3844361520009639,0.8713497831285743
50.0,-0.2972321850541606,0.5068213098129113,0.4628039246693845,1.0042477776946732,-0.37748934976386594,-0.4431687187175758,0.9115327231288758,0.11256339112234237
51.0,0.5631039930936805,1.610779002299809,0.9607915444448702,-0.39350765883835315,-1.3434648704886436,-0.8250384417121626,1.0410551005528246,0.039369933342430885
52.0,1.2409946734440487,-0.6457932970613715,0.9422714617809453,0.025786311900238057,-1.2855694205845616,0.18355887566007578,0.31338219450235316,0.01719628410046392
53.0,0.5702038062532417,-0.6412241123534586,-0.23586667104058762,-0.7285916413636249,-1.5854247526681635,-1.470182626153595,1.0599683008381626,0.999360364238428
54.0,0.08897148175318043,-0.9911807073507038,-0.6073620319721729,-1.4694637480807855,-0.8360463759569184,-0.3133930672456343,0.6540772475607252,-0.39367726695936506
55.0,-0.686413728376742,-1.6134983880450022,-1.0954185993716434,-0.6261450342138717,-0.200405343758513,-1.2803948643043284,0.06121892761282738,-1.7227515288735322
56.0,-0.6863555587560669,0.7466606655550386,-0.45498460641779964,-0.020279089936205863,-0.16605156039024183,-0.04044242318553942,-0.06057864693462303,-1.2532878471068796
57.0,-1.2645668279569224,-0.5482306596615678,-0.5381597025218962,1.1818119641970206,-0.23269165977553413,0.28442859201605897,-0.24857721406282277,-1.5312437396319756
58.0,-0.21133888040097737,0.45372255384804394,0.5800236958702145,1.3831874137682012,0.1322468120060059,-0.6656266584135488,-0.6806164487477986,-1.3498711277233668
59.0,1.100086189601387,0.9651535297421507,0.962147569522792,0.8143109773142565,0.7150787725309967,0.7091170022774561,-0.6711312911839961,-0.034361592740072666
60.0,0.9446534069285584,1.0625158931730387,0.7636263350799495,0.26129569976274264,1.2335056278054792,1.6051039628439365,-0.8106450721866463,0.8878525943262858
61.0,0.6633432643843891,1.6597283085747339,0.2103681420657404,-1.4088896887991396,0.92622155017051,1.0491485199899742,-1.2299190618762448,0.26553760431386847
62.0,-0.11607514370103583,-1.0398433743572268,-0.3890425709116185,-1.507210207706141,0.38575709330242897,0.7642120245921034,-0.533943459963892,0.7074236953596803
63.0,-1.156407299101247,-1.2908042568742746,-1.3492971351863423,-1.475163834060337,0.3907396791405758,1.0322552162043452,-0.29529005749331705,1.5770356807081196
64.0,-0.4545378168180473,-2.1559639048845076,-0.5877352797319473,0.3762112009438316,0.13273845087800823,0.5529532327605702,0.05607267090317805,1.6030948112723906
65.0,-1.1964059325378877,-0.4043189469565259,-0.07547402914594228,0.1483184464287035,0.0073642276495183845,0.3850615795274562,1.2656307796555486,0.5491946543812658
66.0,-0.2026009732641646,0.23542723368486734,0.8531622975182016,0.9626037616820541,-0.6599295328622452,-0.3180377061213171,1.058516834692847,0.28782084192485835
67.0,0.03693254886858632,0.29893583720726014,1.3715936427772712,0.6363964793596241,-1.0933868571424386,-1.7762159211814246,0.877404268887226,1.347841678881366
68.0,0.7167591501295899,-0.013006713690218219,1.2494216482625689,0.7072549163079261,-0.8180280907027933,-0.9356767955788982,0.81525170670014,-0.020939312038158298
69.0,0.5875311823586324,0.5211045055456507,0.2609806647029031,-0.5819373055563235,-0.5360275546848114,-1.017787241452792,1.4667062079318813,-0.12693231938850882
70.0,0.5469093244267699,-1.7250799759541477,-0.48604479304881304,-1.4870497676152008,-0.7533429099985807,-0.9035748867232152,0.896684437538988,-0.06864984220782577
71.0,-0.36939177899247644,-1.6524454969326705,-1.046727364354975,-1.531121033621969,-0.4156622220493369,-0.8413855094886971,0.5753090903971301,-0.2955482166698524
72.0,-1.126424811183814,0.4740217844961552,-1.1021822001219623,0.49569322993380954,-0.08377420425883707,0.06377597626979464,-0.41554562312442755,-1.0976045097794365
73.0,-0.4489236733657882,0.2670215487417941,-0.006671306468891802,0.04130297629146018,0.44894918358822017,0.21611574632901293,-1.1163577163310932,-0.8638736809882013
74.0,0.12010546688970217,0.808390965721286,0.44783447999777903,1.1864796449047255,0.9709791837826597,0.6727493058473891,-0.743256437525469,-1.6085633715497658
75.0,0.6119519183687484,0.7446971427475062,1.0249838073336872,0.5647839979616396,0.8485800946985772,0.8294483659287066,-0.6381962616167927,-0.5604342937759559
76.0,1.110866332599492,0.4302006132815714,1.0451602572254868,0.5593152159425805,1.0813933336589134,1.7137225941221048,-0.8780264136220483,-0.9991673170679078
77.0,1.0732788603769452,0.561868467734008,0.8443949306815133,-0.5385073735062526,0.9322482576907689,1.3719436493148371,-0.68912377176809,0.37514408529384163
78.0,0.12765920470532496,-1.0681037411338512,-0.5331349923407177,-1.7500231297731568,1.11240563659264,1.300233858135242,-0.49018818479757714,0.3631823190109976
79.0,-0.6172220439826533,-0.6438804901746589,-0.7314218511784983,-1.2006691566722791,0.9283402086506995,0.41212874921161385,-0.33153720437988177,1.0633192728936636
80.0,-1.2895428246569376,-0.7401002093993139,-0.9598496758990158,0.5655194512040755,0.06599609057084534,-0.6172691653494364,-0.024405109945174003,0.9396961279850514
81.0,-0.7555505924860391,0.4659822296927607,-0.7520676638596038,0.18960614642941642,-0.1547651824444518,0.12113592839460965,0.8430795350410489,1.1338704507476014
82.0,-0.4305741590390413,1.0087387615830674,0.6127981436256205,-0.20612110881368417,-0.41407461940124557,-0.16158793967497614,0.8906837226479469,1.1048754209128195
83.0,0.700556098134806,0.998199833937516,1.1236733637952259,1.3665572489531126,-0.7555307802787462,0.007983706321296635,1.1580856041228684,0.9980367928831728
84.0,1.279238754409744,0.8414592004722237,1.0355931378506524,-0.39073512943581656,-0.8790213519819434,-0.2760416535098078,1.2203108471472612,-0.609797300938691
85.0,1.2541908071976453,-0.830416598992308,0.4349929010959399,0.42699586946814005,-1.5066070829377796,-2.1892078086526032,0.8482473191498512,0.857521647134076
86.0,0.5593109640792053,-1.5360688049956666,-0.13554382007001609,-1.7267334329276303,-1.2578007307605472,-0.05916917229666996,0.04971199118160663,0.29963574423994477
87.0,-0.004611554625197356,-0.8363708901647071,-1.1420147530847955,-0.42318637239753143,-0.3298071295566828,-0.685974729133576,0.2749176513287852,-1.886411326649624
88.0,-1.110281630080869,-0.6119675120130257,-1.2780772436458065,-0.35958872897952804,-0.6333475942070619,-0.2411852419146115,0.3183316767945804,-1.8270639716397294
89.0,-1.1699957011011508,-0.0747284941043121,0.205038984782063,0.6856909710323768,-0.05601058124905822,-0.09926937143984542,-0.5324913912130838,-1.4476780964977976
90.0,-0.4278868032814729,-0.292868169613544,0.8058671861860556,1.4658689232536768,0.716652704129578,0.46923052693838213,-0.6994626852278916,-1.4668835382814542
91.0,1.0338875067915634,1.509550798595353,1.0960910294359845,0.9242907479600543,1.3578265006322392,0.07529758019512833,-1.3183642885317939,-1.1970809537499307
92.0,0.9548506674863708,1.592685718450134,0.536003743846234,0.13717262905963515,1.3947995681649752,0.6097193837692041,-0.6196639272203479,-0.22099497946078075
93.0,0.4239977311057381,0.324423368344187,0.381667506806229,-0.3710910442260673,1.6628362439904345,0.9048056133299921,-1.0989158512485844,0.7585275001988352
94.0,0.5075956013077776,-0.8191399431525332,-0.546673607838516,0.05327043487551397,0.8016054203203056,0.14135200393926117,-0.7758423658831607,-0.34861496001747594
95.0,-0.12073614284573331,-0.1490322769852609,-1.1626406542912973,-0.23313488066493127,0.7067758698143309,0.25619714366108154,-0.2577860874984973,1.2924983742788394
96.0,-0.4049041710094362,-0.963486396933028,-1.081353881978983,-0.6206427268784198,0.5997663313059426,0.2020086767973844,-0.01592968633961958,0.9738840353054713
97.0,-0.8215395736220051,-0.093929940492443,0.12379245059831184,-0.7873582843258319,0.14365760445506617,-0.2348143190605887,1.1957931406185742,2.1500403391385428
98.0,-0.2426366486784356,0.1812143033393615,0.23534022141274052,1.7075299267039092,-1.0233703665378813,-0.0027230762379073514,0.9855852089824217,0.6835902977551059
99.0,0.8844851542123919,-0.15525215761450717,0.7568133429633755,0.7785717597403721,-1.1365457214595094,-0.3216504894668453,1.3222118127044438,1.5446781264845169
100.0,0.6092653187105573,0.9192045272328022,1.473369979337659,0.3396156841638819,-1.6431179978670394,-1.8042280123766057,1.4466907465607193,0.0480168775954026
101.0,1.4096054861224092,-0.5522326556885563,0.31035054672123963,-0.8461209925710672,-0.7243520551624509,-1.4040816742290427,0.6559976467964508,-1.148128985170516
102.0,0.2556484144586277,0.6076507134141557,-0.6598119713636181,-0.649115975114569,-0.920238743380811,0.012344648608180075,1.0372205468111755,1.3441959227411084
103.0,-0.5830367617785671,-1.1246052449674293,-0.6777126097698062,-0.8285283124915857,-0.18989662356445686,-0.8711221658887567,0.33240144803897276,-1.1467803641907675
104.0,-0.780935754364984,0.5763235885239465,-0.3370910001767443,0.01666535765990873,-0.09815779129617516,-0.15401360806376743,-0.26593034718747643,-0.9638318552256424
105.0,-0.8186863745469602,1.420874530804734,0.30179473393611195,-0.3127376133840608,-0.11167412603346072,-0.11960875196075983,-0.45293409798521234,-0.926374504725444
106.0,-0.2679492402679442,0.8315664108852324,0.46976860776065704,1.3401449259664784,0.7755061523299882,0.2828922756674403,-0.6164155677128361,-0.4273202921775355
107.0,1.003285786718314,1.7886422772996036,0.8472162859626396,-0.06650327560056923,0.23374369797616779,0.7235176647607966,-0.6127224572982815,-0.9277602310344435
108.0,0.8650706264916537,0.7220548944492117,0.9084264969361356,0.6145671565249247,1.0632937131499771,1.155211413663958,-1.505869418877948,0.17207694304422966
109.0,0.7850039106414701,0.8054345559643266,0.3909323027684397,0.23533412343146887,1.1562970775339423,-0.2003915858812062,-0.7991259453997164,0.1488522790983705
110.0,0.4314381973926691,-0.30412293909086097,-0.9632202523485746,-1.0053656663492327,0.6034287517721033,0.8518953970468123,-0.792109741797822,0.3783908514811344
111.0,-0.4092714711505802,-0.9123172111958598,-1.0716686017671222,-0.6923094495906551,0.2047836617822335,0.611199123267407,-0.20089243190406628,1.2950052250675697
112.0,-0.5907521137700162,-0.28885015599613684,-1.272388621944153,1.0500416769574037,-0.7669473561540061,1.5436636674698283,0.17516239309223272,0.7599619151181676
113.0,-1.3537753604678335,0.38133851096371446,-0.4221236581318636,-0.023303408115798452,0.00667554096393097,0.14007722875892856,0.4081922082004045,0.3347943225772617
114.0,-0.33200210028443805,1.0560595907215657,0.07855336990112782,-0.148864767741701,-0.9325667095233467,-0.1931966641777584,0.6914348509056287,0.5715950365135356
115.0,0.34387064490046165,0.7256703888043416,0.5946985086308472,-0.031032338330602816,-1.5850793755909494,-0.7031533773425429,0.7946583129198633,-0.22431776534457581
116.0,0.3895099033340095,1.396432526214665,0.803908568684669,0.8542534373780962,-1.1858790524967848,-2.363261562837317,0.47599013619393216,0.260101164643268
117.0,1.0248330907911123,0.29703131626363527,0.8023086402673787,0.09875755271797382,-0.5808671700882477,-1.7426645504284477,1.2563243420273729,-0.001088377000556709
118.0,0.47785904754500275,-0.35344171891364834,-0.918120194403075,-1.4646042760371458,-0.7002608122112762,-0.0637977573906644,0.8989589636766311,0.0025431124155778084
119.0,-0.3319464130344401,-1.1448206002806827,-1.2541310465611428,-0.06889219651679801,-0.6958685147885342,0.36954773881851055,0.7294484044132681,-1.3032814250440188
120.0,-0.6141318792895835,0.6699072382820744,-0.9706043058475324,-0.8887297563464618,-0.45015898375426966,-0.2215724032509202,0.3771774678367628,-0.3957191726920035
121.0,-0.5080915286742439,0.143814908926916,-0.021282752630591817,1.1309111830579928,0.1913095603987257,-0.3458064578713488,-0.5936132525248123,-1.3665425166690757
122.0,0.029934065605267318,0.3086103762051063,0.8263370339987351,1.6083983507640465,0.7070933694685231,0.7695832231729001,-0.19735221080270038,-0.9755815975950692
123.0,0.07607751258943796,1.356967808525586,0.22703189668552337,1.2378825493987275,0.7007844609358519,-0.018668865450515826,-0.9929631758762817,-1.1787325761079983
124.0,1.458715295821392,1.0736755357406387,0.8891739468108405,0.4596495886691614,1.33973848922939,0.1720613166570134,-1.2115630276070437,-0.04813280844614207
125.0,0.894315941775139,-1.2735539799223698,0.44549664477784184,-0.7719572422444019,0.1187333774232937,0.44890324308222296,-0.6972454050498822,-0.007186923032242359
126.0,-0.0005147486093407816,0.5471913037921278,-0.06503563896493691,-0.37397084119989266,1.0798461713291778,1.5220940415853184,-0.6318607049394094,0.7548020014365759
127.0,-1.2036724751663477,-0.5205810111912215,-0.869250529800258,-1.402112100302149,0.6600160518994852,0.6252249282786013,-0.22321686462954166,0.9438325379752897
128.0,-1.260196402586666,-1.2993127728081602,-1.1136515779241032,-0.5157302574587348,0.3612435737528152,0.6086441176050383,0.13918037479725287,1.4554550283093872
129.0,-0.5150537661329839,-0.039047056942180955,0.34863642813585577,0.4186091697594344,-0.6157468142929325,0.47756943679179825,0.86724913463686,1.4144624442785276
130.0,-0.3315035913014716,1.2729419574662737,0.672910471062354,0.3546029208072924,-0.4279666259319045,0.1231425735381822,0.8902535384836047,1.284391575565737
131.0,0.703114499120503,1.8694982522848655,0.2736837294947656,0.34575865080672263,-0.7983451331248195,-0.5013242957048214,1.014089874953822,0.2883063896468711
132.0,1.1919955015941084,1.1280288999703503,0.7034332032322926,0.7087368757372323,-0.6735582985006617,-0.5286049667684372,0.932011545014852,1.1357306306716095
133.0,0.727368927374355,0.3677661503291214,0.43803829606033096,-1.199653838171899,-1.082360898217622,-0.6042489940440932,0.9441731430732343,0.30707600665601253
134.0,0.4068832782053133,-0.7787063963918334,-0.6348089630407867,-0.6685939325990936,-0.4943684446614346,-0.9709456851545768,0.9765479311222781,-0.48171505409165893
135.0,-0.5982836416998254,-1.1811743511285293,-0.7791890605577912,-1.589804090585775,-0.7412929242815327,-1.9278948126227489,0.9954815105294524,-1.3322130664461107
136.0,-0.8727873792663421,-0.520209445743232,-0.9164459703528861,0.17635289481025473,-0.45189922772877433,-0.5438986610247025,0.07904863177151697,-1.100912546257011
137.0,-0.7420328747489471,0.4494457728157699,-0.38421722776196693,0.6562021377086755,-0.3231810441602751,0.3224373473023269,-0.7942790083942496,-0.532450284077228
138.0,-0.45595487671708285,0.29889268914477146,0.46975247815891014,0.7144782859414834,0.6038028049371871,1.3597302365762485,-0.8836390768221788,-0.4831844747923926
139.0,1.399715715844744,1.0816569826533138,0.5447615164642308,1.0947431410011086,1.0279467798732271,0.42103555603259135,-1.1548976527424772,0.4718072989835914
140.0,1.2958326329614471,0.3261969670840184,1.3143604914444642,0.7565449490433659,0.7834042591522767,0.8200173616554455,-1.079984873617566,-0.23351215121096053
141.0,1.1924671761307417,0.26688977317948354,0.8691493099976284,0.24371092898960034,1.1476204398461598,0.8862953883200257,-0.9484312119002406,0.7420765936423389
142.0,-0.04663557406884933,-0.6091008535534995,0.4958600387010482,-2.1510102469122745,0.5737271450260601,0.7556057859508338,-0.15560152577637126,0.027509214307587015
143.0,-0.2907528053547107,-0.7682048504516265,-0.864145816505432,0.4152514040401786,1.0223416376567127,1.1205632600109035,-0.4170135203271095,1.6265720728940438
144.0,-0.6501674011406271,-0.21075073865289456,-0.8948568000164544,-0.20539496834639992,0.7454658339758792,0.611906998867066,0.060647459990663566,1.2968511316816553
145.0,-0.7867206297738045,-0.20331980305550557,-0.6554698391751421,1.1339577963013392,-0.6029510046885697,0.48725903673052795,0.27324793140326703,0.4404333714304296
146.0,-0.5124485979706994,0.6810512995715384,0.6857157088654199,1.8793510676247753,-0.7411154477469648,-0.8304267079207738,0.9807838113421651,1.3164288757887879
147.0,0.3399845524326363,0.5161505304814055,1.2751186002342254,0.615103309178918,-0.46129628463957395,-0.498507224769713,1.0180566975954408,0.5155990601838354
148.0,1.3063353145388903,-0.009253518986365616,1.0460074332217413,-0.15208350612530874,-0.6184624468612487,-0.41227412250817275,0.854626595340491,0.9641219994562025
149.0,0.489395773867058,1.2525343632109647,0.6108215547828726,-1.1691573524347152,-0.7975265724657753,-0.01042579517040354,0.8964322407147677,0.3033139600386381
150.0,0.33476345054033935,-0.9951211838982441,-1.270659654892448,-0.8265029431875719,-0.9706385824833409,-1.2799941061799056,0.21469110496639848,-1.7794071407837777
151.0,-0.8331852467062633,0.01705014362047841,-0.5770798133967316,-0.6828590336107906,0.027020319076672683,-0.27896273949062184,0.4228457481416202,-1.0660089780819784
152.0,-0.6674420276200784,0.849290460497128,-0.39011755031045997,-0.7058464826253592,-0.49933345187326095,0.6589791337193323,0.2469876796687126,-1.0397460795763962
153.0,-0.9339388921909727,0.20006648994967638,-0.05859530259764745,0.695595832047871,0.44458902460529365,-0.8823779035422326,-1.0398745670125369,-0.4014241558544107
154.0,-0.16821017289788492,0.42245527534473687,0.6099117173447158,0.8697594496921551,1.0822815594578248,1.7926234817935518,-0.5115675126427746,-1.2139957547354043
155.0,0.3843364038596676,0.4135212337985813,0.8186281273812891,-0.04906194882276782,1.2897828532251223,0.7517933127146605,-1.61189421571433,-0.5572757515694278
156.0,0.9023077850983855,0.6914845945832309,0.6778436127155913,1.5895357851593857,1.4816341041458663,1.4523061965870958,-1.1223158845508474,-0.45197398374151876
157.0,0.44599453602327016,0.761412528308825,0.828561116113248,-0.3504410922973548,1.1432169822751999,2.0149178573192374,-0.3870788772046108,0.5426757184409847
158.0,0.8235273134273953,-1.0967093571070599,-1.0122598279207708,-1.8882956625563465,1.2979123950458118,0.8211726046113695,-0.7334373238849939,0.9738466569593054
159.0,-0.7016378292472247,-1.1260157124907055,-0.9921478148932505,-0.3613674436895843,1.0072171849071352,0.7616855212001155,-0.3433237698135377,0.19776726236897524
160.0,-0.9618801576981787,-0.8703500918622099,-0.9809454133044697,0.40391128086834943,0.25256324660448565,-0.2936173807494671,0.029711076943513992,0.8771326557753214
161.0,-1.2265792016498156,-0.6069757685613119,-0.056996381839742455,0.400045475235062,-0.18962903312335755,-0.08631265434462922,1.3139742004803325,0.6664995133519556
162.0,0.09057959448133747,0.9204599487859033,0.05739045248081803,2.1452400557832307,-0.5517205212572578,-0.09234901151944891,0.8207577567914253,1.1807340551909609
163.0,0.7474421275898542,1.5492621997174716,1.3721686891388498,1.029090053211103,-0.7824436045372067,-0.1900198367131476,1.3694482732606679,1.275477622616747
164.0,0.7223703885816468,0.4090898900774684,0.9150780178314365,0.3305924558678084,-0.9317363979739419,-1.2394743882522319,0.48646567950515773,-0.42306161978561635
165.0,1.0242900912573527,0.593573364707406,0.17688105535730142,-1.1813286924024478,-1.1245150814026312,-0.232288675774182,0.5804134387092983,-0.6156601310114891
166.0,0.5447177556223901,-1.1372841194824634,0.1556932494206711,-0.9652921149797452,-0.6003188982096451,-0.7034800043604359,0.5429079529367125,-0.07832132155226768
167.0,-0.4056598183510073,-0.6963284422378023,-0.5700810873278563,-0.4223440578820211,-0.3724724271787342,-0.695509020955447,0.5711990043089031,-1.3759760928346343
168.0,-0.5907269562168327,-1.502341087395111,-1.3575860547707674,0.6060873729249332,-0.15949106124517012,-1.4460714725685722,-0.14764783440316626,-1.0055226834779758
169.0,-0.7612309228711291,0.33903550166789875,-0.08193667423785037,0.6339290376355909,0.2338418216672023,0.6894005701727468,-0.5650674505398902,-2.037382162800708
170.0,-0.09069110470462846,0.3542088712654233,0.8843746032184701,1.0112451250515795,0.792553037837532,1.5554052652995738,-0.24653690454994276,-1.1011671722213652
171.0,0.9418502414049118,2.3754615510812678,0.8928590037179305,1.0389347839831429,0.19847924088174762,1.1575726843159122,-1.194383196200327,-0.741893769106598
172.0,1.0881588646605207,0.45407710301349136,0.8773696486094363,0.9465581880422649,1.349985103987734,0.7276424087344975,-1.0631866141522084,-0.5391532484548127
173.0,0.933865850299864,-0.04053990183974245,0.4860948394497544,-0.21856344934188932,1.2517264856912647,-0.23489568663696336,-0.8157926408847711,0.6638045893004304
174.0,0.4730334250499464,-0.4263148933373135,-0.21218048394176625,-0.9097026071889642,0.7563558874963292,0.6678488983579983,-0.6655586814430777,0.3241324291384773
175.0,-0.7618115134510866,-1.5658508686750632,-0.6845335772258905,0.595985984272676,0.7718939239220711,1.2894390670250153,0.4174753250765318,0.9793534831101453
176.0,-0.9917479687503072,-0.9347036137350342,-0.5377178942980037,-0.4590071083444659,0.04426223200980524,0.302773477249635,-0.09998657031412256,0.3717243171186465
177.0,-0.6248943324896762,0.4989281596288208,-0.148610397982455,1.1998011444884136,-0.004925961606539714,-0.20584551498957354,0.5802597529839042,0.35541779711085697
178.0,-0.15483963485712637,0.4576682474675884,0.3253798702973876,0.7619549856877439,-0.6696207417433342,0.32417344504784334,1.5646433878738328,0.25355070287910386
179.0,1.126080182151843,0.879387548741037,0.7491842162751369,2.049754635796294,-0.7836878863135442,-1.072849409301016,0.5703539793444352,0.40310179555314796
180.0,0.8633505460935919,1.0151014775051301,0.9036261830457465,0.6878133795059,-0.9468408406291433,0.62151491591755,1.3523362656324407,-0.018757869644416947
181.0,0.44520489375584577,0.16826667440582896,0.14020586660183926,-0.7753074019542383,-1.5862744751495144,-1.7115892134936175,0.9484570003933231,-0.9613460015057788
182.0,0.4533888532298444,-1.024390314767084,-0.35318746948865143,-0.8376922841327246,-0.5760749211684622,-0.23054029454985225,0.5846688809380448,-0.00703647989512024
183.0,-0.6937807880415423,-1.4393970485490013,-0.8002935697935962,-0.7554159817102025,-0.30291552140328404,0.9942581092031179,0.11751237000852052,-0.4858371426204231
184.0,-0.8646169210497545,-0.8293898199448404,-0.8435060886485277,0.14345215456141625,-0.3042524024436305,0.2227779468005816,0.29640588241774746,-0.706670650714661
185.0,-0.32511290669283605,0.812048256772038,-0.2900932709112558,1.217179920976026,0.7332212567508708,0.07837712279839654,-0.6057907563134157,0.8598165429225566
186.0,-0.41118912813805797,0.45675168148440115,0.8746714317210333,2.503606257712497,0.6744916125487054,-0.24587877258521307,-0.8805757385010745,-1.1566816983391877
187.0,0.5133945309253873,0.7094745271345955,0.8751380243668737,1.1268567993751164,1.5183575290206979,0.9577172698026821,-1.0009313876713541,0.5149470722185645
188.0,0.8866917560874319,0.40881855931518124,0.5753394318319496,0.25717685894537806,1.4151180858530712,1.3532619990756163,-0.6822569153709118,-0.0178565082560716
189.0,0.9339530957841321,-0.2144544268686666,0.4604818295007587,0.2845871038580401,0.9523804612786924,1.6308549231164853,-0.4608498277820824,-0.7055777599359961
190.0,-0.12383848822104684,0.10038506189561525,-0.14939434850946956,-1.423072404560303,1.157536215721095,0.8470234241136935,-0.19412419759790867,-0.8909921186435146
191.0,-0.30630805471159295,-1.609311207168614,-0.9321760856109137,-0.27976181727820937,0.7094685229356221,0.47164717584934635,-0.19981586397917325,1.7802394801677632
192.0,-0.4737752193133838,-0.8257966522505558,-0.7075308732956866,0.2723441543224767,0.04464280287980281,-0.178004784840738,0.5548482756093089,1.155324272471448
193.0,-0.973298566742964,0.23297914654750215,-0.027265530333920956,0.017407075207946043,-0.09774367800237241,-0.6673465613105496,1.0464341683002776,1.155664737158425
194.0,0.35977426860579753,0.9178518792614642,0.3788198455207409,1.7438609614638176,-0.7127528927285838,0.4140179441688784,0.9162145906596683,1.8581705072150656
195.0,0.63571905186234,0.14918785735524132,1.0815515450790492,0.983054783918409,-0.9520469714135661,0.3971461910924097,1.0036948238239074,1.4142992821835259
196.0,1.3967995514473683,-0.3566125444045347,0.9607897442179252,0.8988422808657045,-0.7479741503920171,-0.42603551059895195,0.9656752968111227,-0.4548580013990961
197.0,0.8084090369984561,-0.42681806533484734,0.8389956660812223,0.36888172595902113,-1.1528534590472346,-0.6791164873852056,1.2294168350308516,0.8764361665928777
198.0,0.09758577233931158,0.12673375419619337,-0.44466928140272194,-1.616050617667325,-0.5254640252799044,-1.2109606989634982,1.1948933450853638,-0.8639641517817986
199.0,-0.9978761483545372,-1.492430277169826,-0.9119819822849118,-0.4231937052779978,-0.785268333909938,-0.13604543656604368,0.4156915651537826,-0.8922466930642563
200.0,-1.2532860441944007,-0.7467659655305208,-0.6729159164446061,0.32645640114755203,-0.07733987076286494,-0.5112545495176146,-0.5357405605009946,-0.5375683165881147
201.0,-0.7295031648518525,-0.11547649187273112,-0.16929135694295133,0.5103654458306847,0.019759481265986423,0.5507432249484125,-0.20268556369400523,-0.9689594988409558
202.0,-0.21098244303535135,0.5261111669478656,0.4176759919984104,1.4429024239093702,0.7510802083017007,-0.143380560425163,-0.7264237632003966,-0.5507990454941076
203.0,1.05710420118076,1.468924902111544,0.990017986958982,1.273554166605855,0.9120161939467171,0.6970743042439149,-0.8414626663499126,-0.5249225675988108
204.0,0.9222426514789929,0.6592764542550058,1.11797746400559,0.3886477547811261,0.9618719222250119,1.4179752631330276,-1.3133494482343333,-0.24102219411516296
205.0,0.9392207175029819,-0.12984270032960182,0.19339877191253038,0.9003769079537611,0.792878933238732,1.578892868031077,-1.180414228538408,0.2996544416014403
206.0,0.10534524952157709,-1.355985321985703,-0.3009919159518589,-1.5345394802936334,0.8343805601045479,1.438433153401756,-0.5527010450128557,0.6913992140343685
207.0,0.24060055208509568,-0.6850165006870375,-0.7539487856724052,-1.2024165963584772,0.8249019131863173,0.5373084790738326,-0.5864536433262905,1.5698675470531642
208.0,-0.8330226925666718,0.35344054194901264,-1.0130887497005099,0.013539309243385172,0.1490732098451567,-0.23047403722624693,0.26395747106379297,2.698022979542171
209.0,-0.5792448821550191,-0.22513213813736913,-0.3621436910933544,0.32121350571470003,0.17826412595803348,-0.27287362174682306,0.25964407555659597,1.4229768653420334
210.0,-0.5383782428147343,0.6573497814876827,1.0193230908866293,1.5963124331984548,-0.6961514463955457,-1.5300738814168688,1.2962530798060912,1.2889776121471879
211.0,0.639270062275201,2.1451194288563844,1.4182898854690127,0.36021180903237304,-0.2874355063888715,-1.0618965760408356,0.5513529787805075,1.9614757099418905
212.0,0.5561822402698452,1.2594425969386414,0.8419400061517148,-0.31842209691659906,-0.862719212889172,-0.6271210079599561,1.0952151114798276,0.18629746497960914
213.0,1.1565503971180278,-0.580301490492479,-0.2912842678543589,0.7887854041438018,-0.27422386888967254,-1.4013753696938547,1.0859778898979495,0.2960828037653123
214.0,0.7684187530904312,0.2683480189778862,-0.4570262143069104,-0.6577767959093157,-0.5727570960162279,-0.245691576274097,1.192169442902992,-1.047398267980887
215.0,-0.8811385973193087,-1.2237348966374897,-0.6214504073231027,-0.13436045572745337,-0.9342777561715302,-1.2045626932610882,0.6398456446991951,-0.920180081909982
216.0,-0.7578920325357139,-0.16339937126344345,-0.5801624911037343,1.0787988511062576,-0.3408208169966563,-0.22339092946585012,-0.24774522712793198,-0.7403873473590372
217.0,-0.6834087964036978,-0.7579546440243535,-0.22091660711598393,0.7771964673421783,0.0851636478647119,0.48803663793452284,-0.5364831477280011,-1.4557379421208063
218.0,0.20399302829584373,-0.3575787905466814,0.5205336838930359,1.5221094231367356,1.3568346088835628,1.64551743386011,-1.505835860574551,0.18162868251351716
219.0,0.6881092622179981,1.2030782276248346,0.9805535158897215,0.2922107785513397,0.572263476019099,2.1842796018424053,-0.7260630263952763,-1.1198704517715203
220.0,1.049317488145174,0.6148019184627155,1.266625183076436,-0.1299425360300931,1.1182237167398494,0.2659820138246656,-0.9074150980129952,-0.5622591847452527
221.0,0.8389629472575275,0.4330716783045285,0.6669108657256985,-1.2070371682293604,0.919741233292752,1.1533703334835466,-0.5570400785098097,0.3662624319510077
222.0,-0.3184559382137452,-1.4871900537960618,-0.07568246643394733,0.5205782992724471,0.8721355282353658,0.1772008556958632,-0.7798792705882919,1.4168412257556566
223.0,-0.2534233515570793,-0.5296972425017226,-0.7277935340858925,-0.34652158538431477,0.3477409930868557,1.2020005754431442,-0.5777829541514998,0.8777533423953098
224.0,-0.5343511446574208,-0.6023427493728777,-0.9225552156696014,0.036926670675685364,0.12829757511325432,0.23390841053377953,-0.23746161937422847,0.5047807546480421
225.0,-0.507744928867818,0.8151935423868292,-0.3493122460335783,-0.11312917472803241,-0.3001146828653779,1.2510875150150578,0.6658911185378117,1.3247731729513232
226.0,-0.2591095263714957,0.10565921327325845,1.0700756921187229,-0.17593671737003036,-1.136714894643627,-0.6878406937324459,0.7775864226620267,0.34132116101049903
227.0,0.9361801133605074,1.0529073982826367,1.3191114104290762,-0.18920871209502232,-0.6703906500368499,-0.6174644972056578,1.1677551980948744,0.9343744223946153
228.0,0.9952708622787809,-0.6827307280843077,1.3722104805835693,0.3294678915060792,-0.8035828486283026,-1.390590558110984,0.9663552650315954,0.16891451838688357
229.0,1.2791900650313344,0.6829732533454919,0.1823814989502448,0.0968829602713116,-1.1745913745475178,-0.1250126917786455,0.6607353434514689,0.6794507994735619
230.0,0.2613687228007722,-0.9632543225426595,-0.2717283487440658,-1.6270101717028576,-0.9031670360797265,-1.4570271822294019,0.5412840011903526,0.2327771725106066
231.0,-0.5750301743073273,-0.5010487928275088,-0.8506823116219603,-1.3656910675292475,-0.35744626745234964,-0.5583308505012835,0.7892509681762236,0.04120498214074153
232.0,-1.2147145847611662,-1.8564984352648621,-0.7531894560818247,-0.5956812038940837,-0.03708805714656832,0.18821310316409,0.1177527888725487,-1.0214722475935354
233.0,-0.6227532668334275,-0.19676417416459702,-0.35944136776905505,0.8600219753948795,0.5351609185207148,0.6274921488361122,-0.12199094798040916,-0.41888669825471814
234.0,-0.2238822930850456,0.6182969696131959,0.7318915369340235,1.3743363084739286,0.6275490669446567,1.4905217599679061,-0.8899717503094173,-1.1729329101677144
235.0,0.5691825519743144,1.696757839260241,1.010420608982011,0.30668890066379795,-0.09757812714026093,1.0561669851595124,-0.5135820379954376,-0.3214275921768317
236.0,1.1963750478775852,-0.005617343947735942,0.7748925327666532,-0.4054590818442414,1.1473874115624554,2.0693913716066374,-1.1198401795862625,-0.5948997715230514
237.0,0.29011030886222433,-1.0101712784528278,0.328051466015736,-0.6931298268389273,1.392021877591303,1.3935566145227978,-0.5392707363618208,-0.9513886499844055
238.0,0.6597607141119657,-0.08067429801999126,-0.13531006636080703,-0.6715720683768357,1.2284795087625004,0.6623000723373574,-0.6216102616475122,-1.0931867141082907
239.0,-0.7961033463138844,-0.303738620446001,-0.8718889897697761,0.2961918236667046,0.5300335131688477,1.574908243085836,-0.16035433424466355,0.0975190872367323
240.0,-1.077288404762217,-1.7461670064670687,-0.6390985629376648,-0.142733569247984,0.23639832003506425,-0.1630510534072505,0.03418337348322151,0.7666181656916682
241.0,-1.172404202993592,0.37399582215580607,-0.09800257107634835,0.35361142788961397,-0.04177763796487821,-0.911046422114735,-0.18288672081969404,0.8034473629250722
242.0,0.09444744384416284,0.5792132799069214,1.154342712490966,0.6048866352613985,-0.31859478125595164,0.052972955802941424,0.80158985269351,1.3090761297275089
243.0,0.6009738281131473,1.0971301421929687,1.0085959164913696,0.7552946396516904,-0.3969350295317481,-0.08331148830127566,0.7594697273844231,-0.15265623411767415
244.0,1.0022713188936825,2.9196658865327,0.9830327045367295,1.365865088250156,-0.7678896655631451,-0.501419035333216,0.8439895019959885,-0.06580683206867766
245.0,0.7840157322093672,-0.00980434365492272,0.4750703589046258,-0.30722155849704036,-0.45629823867558755,-0.6124230109700393,0.7608122122036065,0.2698249783585953
246.0,0.26782237284336413,0.047430735273544244,-0.2303043133883041,-0.34512307394526676,-0.5543622763801799,-0.09638467504018411,1.202461540696077,-0.32130939345650045
247.0,-0.8632858624246433,-0.34342164251706164,-0.412323694296942,-0.5502310440462567,-0.7164231063358868,-0.1969964356780159,0.714800117789087,-0.5596665174255754
248.0,-1.1149298560488334,-0.698559873293104,-1.5076447484695392,-0.17554022747661543,-0.07737382902035793,-1.6389522494466382,0.45898893845681765,-1.7354750816402569
249.0,-0.8226037267798612,-0.010874924627688909,-0.17368880275820398,0.4437345754179517,0.2453207794680312,0.23840045778220026,-0.23962447486693955,0.1456356228214596
250.0,-0.08760845806964473,0.9247632835625661,0.47561407523070637,1.4645676315369045,0.7878237611785223,-0.1265527373031054,-0.6852711894448159,-0.7396959722445122
251.0,0.7581066764174068,1.7454518520720907,1.2462069266150886,2.3654410679167386,0.7026167493740498,0.3942979696653988,-1.1638283126477025,-1.9453029259677956
252.0,1.3897989914192848,1.0341496845589648,0.7781433963621092,0.37782908516963315,1.3773818579668875,0.3302231827689345,-0.5673508080888185,0.1701719992887818
253.0,1.1823950490966442,0.09981415744520433,0.8099902506442973,-1.1989070099920185,0.9349093277361588,1.0467433130768244,-0.6387505882874295,0.1440663565180727
254.0,0.28322005619953655,-1.0815513154041958,-0.8452289419829201,-0.9792048872616214,0.5962550238259785,-0.19143039381874705,-0.16204352667856287,0.34039118012406505
255.0,-0.4080430197240452,-1.5071726568815536,-1.1568291363226282,-1.6641270330035716,0.47170605167104107,1.003481530375835,-0.01303256236897643,0.29319416819099897
256.0,-1.3233086137241639,-0.15211923149781081,-1.065996286266819,-0.35087006243696106,0.574722661932586,0.01911064268305207,0.23777137304677998,1.9617427485433996
257.0,-0.783423344007423,0.38490108269139905,0.18614197891701145,0.2890004179630173,-0.3951916636715889,-0.3072006889557652,0.29234324618835744,1.2390650436450055
258.0,0.06839849626941774,1.6356109811633561,0.581225892747905,2.2160931475415184,-0.6576263776984194,-0.7790665936883695,0.9771093189249629,1.0139387635923132
259.0,0.7070856414351694,0.27153428833287985,1.0146290757441985,1.219765939731149,-0.9674165702029449,-0.75461013510226,0.961603126427412,0.5445797425943039
260.0,1.2601728935867618,0.25840030936419217,1.1010426502783566,-0.11847974881202394,-1.1427654207703837,-1.720588439537841,1.6092915084132224,0.03233243306268063
261.0,0.6682898062967862,-0.5059155204728001,0.4341075464591541,-0.6284875771492953,-0.863377766038921,-1.6304851911709441,0.9149008434515898,0.3741217446162468
262.0,0.4452677755449403,0.5475366184603407,-0.8657210512983331,-1.0994639516863216,-0.8799488741283485,-0.5608833108848013,0.4373842078027107,-0.5167558562669946
263.0,-0.5280543974919616,-1.476836665513866,-0.4607709284827804,-0.8223898609362511,-0.5359027101695591,-1.0468202898569479,0.8274061212778925,-0.18553191763770582
264.0,-1.0185027351839782,-0.23667923846251077,-1.2424716062951364,-0.09019233950715026,0.2823871292515283,-1.0289775461000343,-0.39493859125507963,-1.4670653759835015
265.0,-1.2601180347441405,1.2333910798302783,-0.21709562218969677,0.3485491925851436,0.5234036513381214,0.6327387493084208,-0.3450666659374414,-0.4952308729878603
266.0,0.353563846755229,0.5332515880103046,0.8073975979226473,1.1912659411977007,0.907768317453066,0.9272359900247469,-1.1226897717150464,0.14112852490191619
267.0,0.7868676190771007,2.2092172194234143,1.394157347223853,1.3744563922079982,1.1931935649012613,0.28102288132237474,-0.13665936736718964,-1.183086222414922
268.0,1.0178630068786898,0.049444227892962433,0.7770215789324343,-0.3164741773382557,1.1267618894986762,1.040177592585674,-0.6693311126763458,-0.5462463801879018
269.0,1.1616214122323836,0.45636497172425816,0.01319411896148115,0.5787941707024568,0.9004823538412363,0.19060100025000148,-0.3382935845101213,0.4681775944478247
270.0,-0.18719538265386676,0.5229785665321145,-0.24682460769948483,-0.40620404256475506,0.7805484507791508,1.0234333818174695,-0.5686489885471624,0.08269406774381116
271.0,-1.1053178567820727,-1.5803831815993326,-0.8591908259030567,-0.4891483957305501,0.6461418158659242,0.19480517513633544,-0.27516465478416896,0.6842180463832148
272.0,-0.8241384114331741,-0.41928839469589246,-1.0012015843273219,0.5942468819251496,0.3666913299528528,-0.4230429050439465,0.049360834163022727,0.2727193061460814
273.0,-0.5463948415401209,0.07592204113610641,-0.11289788829037635,1.645813960816275,0.1764954362902075,-0.6416424608434766,0.37047675511173683,1.5200317397248748
274.0,0.6492296041372853,0.6870830258665994,0.2077081684788214,1.1897969484257975,-0.5481817198954154,-1.0122982481200018,0.6411434190802534,1.294771046633097
275.0,0.12957983375319715,0.7207580708464485,1.1497498427899944,1.0190113747174276,-0.7021603184393665,-1.1519159179006446,1.3937251729164415,-0.24683629473631574
276.0,0.947711649081169,0.897263897668201,0.9847167698395838,0.10345071945323614,-0.657057934771355,-1.1142109133178806,1.2768313369215976,0.439204609574789
277.0,1.3930517051217113,-0.5403369816315221,0.5109073730390296,0.6724177687961355,-1.372721731420335,0.17846579849472244,0.8718230686711188,0.2798631618719061
278.0,-0.229171913589883,-1.0427064399543604,-0.08444130429978891,0.481757055118191,-0.7236313869005916,-0.785348002022344,1.2170562982830442,-1.2219571004270777
279.0,-0.8181439787379887,0.31955086837515667,-0.6149315193368208,-0.9387671436230648,-0.593020251699744,-0.2306307836237666,-0.12442161989854872,-0.2871814051091626
280.0,-0.570950658068155,-0.7601115262804629,-1.4393914454574077,-0.7063055332102809,0.0020940003000344126,-0.6906934614473244,-0.13914502306338156,-0.8401812628408994
281.0,-0.8131102398624278,0.4022056928608713,-0.4062216293265566,1.9882765235762452,0.686387160367284,-0.951270561847026,-0.3104091295109791,-0.41464279452011676
282.0,-0.13602968402415985,1.7813307004303316,0.9448798308412771,0.8863953824593578,0.2090490601737453,0.5650561463679427,-0.8139538881848172,-0.4996009809785356
283.0,0.6683590535707861,1.8734630774684806,0.9973477825984157,0.8125119531523626,1.0951358055241103,-0.16651457351317522,-0.8725392931018338,0.26515022017741247
284.0,1.2711207633515011,1.2214913742176983,0.7257819149616223,1.3135848654012006,0.3315709023655551,0.1971540143408952,-0.8341594917538111,0.01751212693934992
285.0,0.8547969056188199,-0.027716955528354438,-0.013437386327778134,-0.9129312956158131,1.1725576228915768,-0.08471235514980435,0.14543439622449372,-0.5711184805050781
286.0,0.17761001420853403,-0.01693826226280326,0.0064115538036016995,-0.3257585905630407,0.8178814308479053,0.6918318396212331,-0.8882402079884965,0.5892401552851718
287.0,0.0009685334792022271,-1.0682550922497263,-0.7331081870652774,0.627612715626637,0.17605900955349774,0.7543626024941011,-0.2913676776839749,0.9682019915821743
288.0,-0.41400829098505576,-1.0237415079219974,-0.7818672261943598,0.7074393992926863,0.8719472476083328,0.6479551589036956,0.5329082110734793,1.0363763444146885
289.0,-1.1237263547579606,-0.17294953552596048,-0.6355770430635803,1.1112888604427242,-0.26911257473458905,0.14591577667895644,0.9471373031389194,0.7144719355719025
290.0,-0.41320781136934637,0.4011269665508868,0.37523735330091224,1.2891887098613628,-0.28405277067741824,-0.39178366737894615,0.4505613385764801,0.48185561387770026
291.0,0.36627104289026774,1.591030301392686,1.4125512043549908,1.7179633705507955,-1.031160001279747,-2.219808479985561,0.7745379800647758,-0.50467681455002
292.0,1.069021387957948,0.6094659356305898,0.8292209749597064,0.7630526995947622,-0.9641346347709419,-1.097905315134685,0.9881580105935117,-0.17586882779366814
293.0,0.35083392574897265,-0.39663379293690193,0.24194737128845964,0.4579141250550265,-0.8695168259292319,-0.6552488841938204,1.1124484919231357,0.28988404843525406
294.0,0.3695480528610861,-1.1065512139178213,-0.3203976046286836,-0.10643669042600801,-0.5740736518990048,0.02984986419196034,1.2137633589972352,0.5713422351394706
295.0,-0.5004917747173161,-0.16902509063648985,-0.5411531594559842,-0.6477603662896769,-0.295999101628422,0.3986490387479913,-0.009318573835089272,-0.78251051442903
296.0,-0.9296972490995402,-0.26572823476079904,-1.0191059369991764,-1.111298585872962,-0.6385148561531444,0.07401933535837946,0.604929221627624,-0.3893992603296227
297.0,-0.9639413254744347,0.46170899519354924,-0.062490840637078354,0.7604859063478694,0.34360413864441997,-0.003629519536982345,-0.7771702978275217,0.012734222672144302
298.0,-0.5661300854742085,0.7617643240526215,-0.4161006129781142,0.9545186050382662,0.4804453170606822,-0.217347986485107,-0.8739409109575496,-0.7954335532700689
299.0,0.7382470468008816,0.9934747218774624,0.8219084944725974,0.3032937976626159,0.7281354755071885,0.805545492635994,-1.28120077070491,-1.2873416612829718
300.0,0.7120425816338685,0.8743791886562721,1.1497393365931183,0.6103106343022398,1.3673905176279306,0.7943069470275436,-0.9620361088761373,0.035398155730721775
301.0,1.2468353641352188,0.10818649701276498,0.36252512583988517,0.57746799352476,1.0981050966152839,0.7009555745624706,-0.4376781149181443,-1.0612352049701608
302.0,0.2427781415216547,-0.6098364142336301,-0.3594417678157087,-1.0566923000477417,1.395272293239472,0.8378015595024684,-0.2902132265159137,-0.5831858041947109
303.0,-0.18412414231705865,-1.1785274938842876,-1.0155075776948201,-0.9192543263606628,0.18405613189900033,-0.026105196582124512,-0.17296697943320827,0.8275339151278563
304.0,-0.8108946970667185,-0.6889698510435786,-0.4607508768876019,-0.5694157631031841,0.02844761682470473,0.6507233877403071,0.44724886396590846,1.3450047086709511
305.0,-0.6648723362162392,0.8246109953370035,-0.6068463566485991,0.7100897275552318,-0.2508511742933408,0.6374505186045636,0.5016373274160624,0.507173036957397
306.0,0.08978611689533528,0.9823918299211974,0.08100049912266843,1.4879935230224606,0.0855286056945408,-1.1626679106210456,0.5831351631638344,0.2519137011958974
307.0,0.18286584855233395,1.4021838673094407,0.9436044579962667,1.650441121183745,-1.081024338287544,-0.21043251689384496,0.54390348955428,0.5035377429612675
308.0,1.28297757731012,0.18293431300944074,0.7564178915006929,0.2876032946328986,-0.5441910763649667,-2.384815731321566,0.8433773879740746,0.2878951680262729
309.0,1.439067460345708,1.4792227732337582,0.36115251794595876,0.1569041642903954,-0.8927933119993161,-1.3924292131489595,0.823551930187864,0.5571065488370508
310.0,0.46770311268857523,-1.2590550866803336,-0.5837050225662102,-0.006709985976404154,-0.6049612770463302,0.0401869031461739,1.2860091682476211,0.3977766189987636
311.0,-0.9287779341457802,-0.9089445558541424,-1.198697738684337,-1.0695268885473745,-0.2945096730493878,-1.6063609894724005,0.40239386140295763,-0.9091983224731924
312.0,-1.230051910751321,-2.5803750117833313,-1.143407217883786,0.6618298294709061,-0.029136441843728315,0.4538695629629115,-0.28731354726680947,-0.5276202650442637
313.0,-0.6996273683692315,0.6351876017059384,0.1661160502008376,0.9744969961036323,0.16460364605189792,-0.22948284437688415,-0.5378674537737812,-1.0228935326111528
314.0,0.12439914754548677,0.5934617595629493,0.5256428244896604,0.5710218558403664,1.018634442429002,-0.20424901710361776,-0.7789653222122059,-0.23957567446536931
315.0,0.4589459440131638,1.1166270727902028,1.0705656216556003,1.2749138902986463,0.5695513715724927,0.47275989636761556,-1.4227534457045818,-0.01481909221144384
316.0,1.0396504979317716,-0.1542582847587617,0.9288137066513642,0.3088708465899611,1.5010751754339682,-0.3171062629418102,-0.6557679276725458,0.2722787613591844
317.0,1.2117572548642328,0.5219036497579626,0.5194435290716831,-0.18332533355047087,1.527488399205911,0.5089010285428606,-0.8805266859924193,0.22819975713921065
318.0,-0.019581009471034583,-0.19544055271944138,-0.7154200624354512,-1.7340715819657309,0.9757618866173215,1.4175014485661643,-0.8333750365600527,1.3017451075133026
319.0,-0.25989010992489575,-0.40693730580293586,-0.33769661671942447,-0.9420643885605355,0.7241671119294055,0.617569499601134,-0.6106925102682811,1.3992041007572051
320.0,-0.9984668082526839,-0.3657396268399315,-0.8996367887731649,-0.44256984050777143,0.19477025613791812,0.46338940876021334,0.35749493307377045,0.6534279874512987
321.0,-0.28394817498509334,-0.6208143511289185,-0.11408731553748365,0.5819852110146617,-0.4652541022760246,-0.1808414188838922,0.8959342724650579,1.7701009594561268
322.0,-0.12540565302475098,1.523224724946155,0.08816321548734757,0.7988426827106914,0.05487812276461945,-0.2503295797873921,1.3928890997913486,0.45094361550936446
323.0,0.35405912896409547,1.2506731540071097,0.8829746001386782,-0.16028447554731096,-0.9470589356658159,-0.4235134762050206,1.2714238547455616,1.2898634846161954
324.0,0.8532710270726168,0.14477984674777844,1.276877363202287,1.719016574008951,-1.1941903052960807,-0.16162761178585772,1.5916902314772097,-0.10213933977802397
325.0,0.9201145779941439,0.6621148433790993,0.24038216616174166,0.31858907822451715,-0.9185223974885871,-0.44813432918088697,0.6246086577370802,-0.594547346561195
326.0,0.3088250688264824,-0.2627703697490593,0.142360673267942,-1.5776298373641946,-0.9589785698142743,-0.28774649063650104,0.6318767264806442,0.22761872591266746
327.0,-1.119438192573385,-0.4771675744197484,-0.5668895242169393,-0.5219752322530135,-0.14587266709615299,0.32253515468055693,0.5866788126897653,-0.30815997238806797
328.0,-1.0037661541877552,-1.3465344347945432,-0.6503979124411465,0.08110883649962783,-0.05626611805481198,-0.5033338721452084,-0.10498600782773576,0.14715688746299982
329.0,-0.8270471743268988,-0.5738048146655654,-0.35968773320407055,-0.3393510183426607,0.680327685107722,0.7608712521564177,-0.2865493276532548,-1.5987937310619507
330.0,-0.4232446991143136,-0.21368462237805574,0.12503524601128413,1.7442323586435942,0.8829519331223994,0.5081371388302279,-0.4959658789265474,-0.5464941585593368
331.0,0.6665068825463697,1.6361002914843694,1.040439995158638,0.6591731901210118,1.0440223028678952,1.2685232731932738,-0.553014327538125,-0.9077419793462442
332.0,0.9693619142929428,0.6350559211339943,0.9798228577499859,0.45301707705182676,0.99154731834689,0.32765257361580413,-0.7151791629958845,-0.4707071291025799
333.0,0.5710296820111216,0.07516661561507454,0.5296354649766177,-1.7662854278575502,1.3870781731389266,1.5719583662245937,-0.3190306526015804,0.6422186318261879
334.0,0.1071500388426208,-1.289177325464002,0.24507547950516684,0.25487626003785646,1.5760655382124606,2.196494556795625,-0.485329757440803,1.4418202749738072
335.0,-0.9454823912910374,-0.8610535466230413,-0.7219647821411301,-0.09204606834454221,0.7008864015149261,1.3367612368653568,-0.1475801141554108,1.8385641848072605
336.0,-1.1626332630096976,-0.4041455597537253,-0.43684500703926515,0.0889572125792773,0.2218425424619529,1.3351082742907234,0.21436171436531412,1.1782857914276088
337.0,-0.7425010279066792,0.4205593651668722,0.11872388358566785,2.029100839083426,-0.06633112559818005,0.003293104857122104,0.7346895006532358,0.729994704060716
338.0,-0.27109884585641475,0.2761218809321644,0.6900295563334296,0.6269292827844725,-0.67204169470293,1.0279338753824458,0.9010346314021936,0.8296179300552208
339.0,0.4636371028939291,2.361354372743569,0.7925032343943965,1.25972141679915,-0.5271282346129048,-0.7204207416343121,0.760064010533424,0.4532523304389801
340.0,0.5543029761850038,-0.5243383875329393,0.7808375135372323,-0.38525949580776014,-1.0097881282202006,-0.34630245726122677,1.0225206147945471,0.3423310106309285
341.0,0.4968850424367919,0.48738642674449384,0.3516826275316449,-0.9626814017686783,-0.9644451599488414,-0.7589626160920105,1.5211312048577348,-0.27594859789494364
342.0,0.08474404477414399,-0.95884648553149,-0.3572867117172957,-0.6794083940006693,-0.6849535290461967,-1.2011339594574715,0.6431855523436351,0.7747197570739255
343.0,-0.7447691895786707,-2.8552022620494997,-0.8381843169962577,-0.7221287871695645,-0.7653639365289715,-0.3074547542586531,0.7300999872487295,-0.5116249974310514
344.0,-0.5802405199175849,-0.5600582156793759,-0.8585336346970194,-0.22499254425506615,0.43125231611024384,0.010634478680313059,-0.157365333083641,-1.3712779734644194
345.0,-0.9495224420739317,-0.4115642309861186,-0.19914188138019748,0.5536154965391522,-0.2519423809546806,-0.5735046947864193,-0.25336397592476717,-0.5852634044407212
346.0,0.448470799715383,2.0953961254915785,-0.09757053492191003,1.585202760768908,0.36886849165115887,0.44911214167093993,-0.565984297128686,-1.6663089204136745
347.0,1.1054106598640816,0.4333222436473705,1.142880659944619,-0.0024159186298811086,1.2004809286571896,0.9295920073724473,-0.5917266875107892,0.34530131956469523
348.0,1.8040725716954138,0.5763592533870613,0.9713382379919855,0.9448020762078118,1.5104591075813625,0.8863495108354302,-0.5960327982217364,-0.8473672141189287
349.0,0.8966567504544517,-0.13645515039076478,0.7177161800370344,-1.1665630405267255,1.2785048400879166,1.3594724025283873,-1.169499301018085,-0.45033436155968637
350.0,-0.27457588230299146,-0.3391246095737878,-0.3334895408768369,-0.6520580054444061,0.6647997429563296,1.282768581162593,-0.26591918513373275,0.29173742391758467
351.0,-0.4673728815352402,-1.075579124747988,-1.111255993166494,-0.7143699409279293,0.8717354819579608,0.4899693710088161,-0.5527347031880859,0.20336503007126694
352.0,-1.030911606071146,-1.2701237070232962,-0.4543709107034273,-1.4340379762368016,0.15654278221285411,0.12111914303827759,-0.011249283923478681,0.5767420189139113
353.0,-0.43962923355362676,0.012195187584658866,0.018622009866866768,0.9356366374385924,-0.05118532872771528,-0.5295073838580973,0.7054688111440429,1.1411234158708152
354.0,0.1889130216114372,-0.47399322960373524,0.8228145228772021,1.2595702707244325,-0.8547611899509532,-0.6131890519540042,0.7399391414144401,1.017668014126944
355.0,0.5179810436313994,1.4940001048870535,1.164997998768128,0.7536394802243921,-0.5846791546970808,-1.225997415294826,1.19958078108422,-0.3303438142205849
356.0,1.7816890838350536,0.012784802391196393,0.9081727783799424,-0.35379705814654905,-1.3036490743100395,-1.133754831965623,1.4967099186753547,1.0735472192349351
357.0,1.6379515456901776,0.02883283028412819,0.4428804552849886,-0.7087127904628543,-1.442501151519267,-0.7978184912897385,0.5314225198056137,0.14842406075338802
358.0,0.009777207531641824,-0.5625561295081141,-0.42378506030101315,-0.9721792516726574,-0.09620605710866448,-1.6130777999948824,0.8129032743524736,-1.192808004476624
359.0,-0.5108423356061081,-0.32267620099605177,-0.9620203116592689,-0.5371561569748284,-0.3388742734761411,-0.46866532195613353,0.28214140250931596,-0.9849685163520833
360.0,-0.7608455183624876,-0.32440496989085627,-0.9646130388938221,-0.9266610318305054,0.14294787700417644,0.26415641068592566,-0.06521599847565213,-1.3603521956213158
361.0,-1.1480284502054887,0.06876339491605264,0.1632747363626544,0.6519670875125874,0.33920580969699965,-0.8282085658537607,-0.10803729640735768,-1.2775649885107732
362.0,-0.10783427124041642,2.2941561923874922,0.7138702433235379,0.5258524397722594,0.971630006925349,0.95213612871884,-0.9453882369488243,0.5301140273972588
363.0,0.9061237497645482,0.6487026492587269,1.2827068222338325,0.34428420930345793,1.0278987964505375,0.24232307066405334,-0.3102859140204576,-0.5330947525900918
364.0,1.221331640249093,-0.1446989908820564,0.8700913652261966,0.6520247278131167,1.1996317210004104,0.5319441468851559,-0.8751809033401541,-0.25337299186646756
365.0,0.7357217732837988,0.7428951615313448,0.4980996358965888,-0.7054242159968025,1.0839612402045733,0.8199266026516114,-0.7347138669359723,0.5282619132319866
366.0,0.3074192801717729,-0.11194511867537904,-0.2899584968844305,-0.8642029191895315,0.4128169485311037,0.9689516852927537,-0.607318393259514,0.056233556599459056
367.0,-0.5809597378512441,-2.0218410837762617,-1.1212375027777164,-1.9569309553852428,0.20538378891113968,0.03363636980824891,-0.3312554883039768,1.090083175321111
368.0,-0.828341103778697,-0.5390013512764987,-0.4276509299955007,0.47104105071232694,0.07165133121053088,0.6289003359974843,0.4521868255822903,1.0780008671097812
369.0,-0.680245987391924,-0.5597975873847787,-0.16308472538409227,1.798500965833479,-0.5663124742978614,0.5763757422754582,0.9647726282707476,-0.41460027659429555
370.0,0.5956036089905427,1.4422464381216746,0.6897975263959637,1.073424582305527,-0.01516515985565614,-0.04439674337616345,0.1556086207086953,-0.6905672681353144
371.0,0.46636254228445,1.5586727051134244,1.1606289032647772,1.4627560015624137,-1.0841783067850632,0.1541682541362277,1.1740965873206501,0.9707554308254488
372.0,0.42537611723918234,1.6860353776766597,1.750566300426402,1.3207361623961291,-1.0721037287612971,-1.5204810739680479,1.0683172988311602,0.5978272567664374
373.0,1.0642362036738875,1.3092098386133524,-0.33635493877905087,-0.33161765158761847,-0.8522136199580407,-1.0719495762879394,0.6652450335104827,-0.7547797132316445
374.0,-0.034724024993299074,0.3262029173837444,-0.5964630291643802,-1.498276643589873,-1.006965675861347,0.001607076914000638,0.8308448469660115,-0.6465949072218118
375.0,-0.6147768256731265,-1.082487838139077,-0.926771187784012,-0.9111883996435319,-0.575852563369297,-0.26356731275131806,0.19568890104824013,-1.5804589686768233
376.0,-0.6737096466732261,-0.9406797750919713,-0.6429662272123374,0.7154254180344871,-0.007135332604424692,-0.6312945251474584,-0.24047057014820372,-0.02176221379813781
377.0,-1.058095932387421,-0.8391377043245373,-0.09107717647429944,-0.6920238745892549,0.08587795638187076,0.22205518028037197,-0.5583776054828876,-1.8038647570490127
378.0,0.2739484367012069,1.4399247964213533,0.9668917021180066,1.005324778977019,0.6962754358320098,1.2627465516445797,-0.34400632485863114,-1.2445040407735974
379.0,0.23595548741464084,0.028975796997124936,1.4381461745339297,1.5392880057119025,0.7669636335224796,0.4796173898971644,-1.4437705399582326,-0.8632607845445373
380.0,0.9189549007842497,0.7422762159279002,1.5448525053639415,0.7092949330495635,0.9562053471392844,1.5247701602404173,-0.7058591608847825,0.12721555434901027
381.0,0.5675963429243698,0.11163941583761622,0.20718337688184107,-0.3578508022739399,1.6271873970135837,1.6788998882678012,-0.5107190972015656,0.1031828094786729
382.0,0.17468107155216064,-0.6723668191137281,0.11525586440488089,-1.008670592752324,0.9970930579247206,2.0540441307054516,-0.22992069189387035,1.9387650265681686
383.0,-0.003843566578797142,-1.467389052724103,-0.5447543448509473,-0.36314910548863405,0.8879920132425535,1.0516222845374987,-0.009643427439781097,1.0304565848024658
384.0,-0.20081614396560055,-0.6313400926532017,-0.7040787644344496,-0.10553686467660886,0.33811579831784344,1.4293548117928019,-0.015798284637925264,0.588907844716221
385.0,-0.7861878565244234,-0.3725606383633523,-0.3201018226925238,0.6921601550769667,0.07180818870266015,0.2748434237380129,0.6411572652528708,0.012314779217464933
386.0,0.07052964250681805,-0.45089406435124024,0.7694995249159653,1.264368618860846,-0.5897801019428645,-0.7281227496071396,1.0393678575619154,0.1479724428605933
387.0,0.8854043984829212,0.3916929917666693,1.4715877191197113,1.078081000353918,-1.0810466917157406,-0.5136855622483195,1.361644499186808,1.5467843267294499
388.0,1.7118070003020387,1.689348649721658,0.7098910307799042,-0.10571058085712132,-1.2594795827995182,-0.8395586728970196,1.3841124960235673,-0.014170397897139475
389.0,1.2723335331618346,1.5062672196513345,0.5077408180735393,-1.3228002047120047,-0.9259347815493003,-1.1889790005094947,0.9087743709240486,0.47758808566325517
390.0,0.1549098164101329,-1.1153948058989238,-0.36218102603640795,-1.219107730470278,-1.1105248037510795,-0.6182728762445198,0.6933625282609375,-1.3050646545523854
391.0,-0.4788900507864666,-0.4574149633635708,-0.593025286502446,-1.1691796558280512,-0.17629508963559848,-0.524585307201925,0.23543622109753523,-0.38405861722443346
392.0,-0.9336267749942785,-0.2070347429600164,-0.5138987986453901,0.38816711915692503,0.028865176169475343,0.5187890303237295,0.15339208000780377,-0.5733856093435922
393.0,-0.3445635866195249,0.5594294087626881,-0.49089242985408443,-0.35863829872792774,0.5746028771782118,0.2915344779809794,-0.7785643201081522,-0.002508121498483229
394.0,-0.14422627462238427,0.5403233899941932,1.023635985242332,1.7959257818842178,0.7024976402467449,1.081200598676121,-1.3022223294051356,-0.36689129440619267
395.0,0.9378137244662765,0.5947425803914717,1.0537071747906206,2.20325510758681,1.0539306817437095,0.6118983398274134,-0.6156115187081924,1.0160287407370152
396.0,1.1318113037183317,1.261726203855429,1.179226382455313,0.9288882200907429,0.8007369265539641,0.6430951435214305,-1.0864165130104624,-0.7203290441323484
397.0,0.9161832376968582,-0.6878136669082798,0.8413615953076536,-0.8114309880196,1.0888256435662675,1.1884416439781353,-0.9803939870046267,0.6588569398919433
398.0,-0.0482565204779023,-1.9008139841901048,-0.20158615606933297,0.22279421556784917,0.579623300358947,1.5943388044929283,-0.48643943936187395,1.6781064266958556
399.0,-0.03565536343253434,-0.008754348551498814,-1.2315438818094742,-0.7053372917408282,0.4684990243576222,1.6106621995985957,-0.6051371475813583,0.8866209036049286
400.0,-0.5697386454410237,-0.9987337306151194,-1.1851533661535534,-1.1538642742182308,-0.03325177692644549,-0.961860897988573,0.860250853790322,1.2616279088309856
401.0,-1.4862226215138223,0.5069840677258016,0.16965591146783623,1.18447357548783,-0.15292712115893103,0.17592357995010938,0.813303453872176,1.4216265521357117
402.0,0.1912801310297513,1.7181317671012133,0.5565929785875119,1.2113680032196372,-0.7152026259235061,0.2954087773152776,0.9102444256047862,1.8533977310737915
403.0,1.2453143449556134,-0.020395480739010097,1.6832728393084815,0.6974127827043615,-0.49157899327617105,-0.0765873836027986,0.5305887067311875,0.39007612703797684
404.0,1.457609209560141,1.4285608205315152,0.8745156203517845,-0.17009342633990432,-0.4930975521421048,-0.6344430496423956,1.4965062245997958,1.3428125545786167
405.0,1.0321803549046562,0.6261852255433502,0.15464418585659784,0.31272219806458845,-0.652083814357326,-0.9715368298232606,1.2332571070940517,-0.28579794656153423
406.0,-0.21256010534099617,0.3067011551588571,-0.11459448974325093,-0.7067410617613575,-0.5186252997057328,-0.032626034941265813,1.1693823149562275,-1.257407906900815
407.0,-0.6098795340058657,-0.03886601029753245,-0.9505846293327679,-0.9828576856433822,-0.6803940824568043,-0.7514484766585127,0.5362196733101016,-0.30636380068245034
408.0,-0.6844930134848151,0.00533374042261503,-0.7110531738465501,0.006604362254851559,0.05085867319990124,-0.1964248604110363,0.09336436324869804,-1.299104986884105
409.0,-0.5725050918130896,-0.33775734029806515,-0.01907368236594742,-0.3860853279176166,0.5429313543927194,-0.3992308742343084,-0.5504893797842845,-0.10599704576519997
410.0,-0.49927639253516537,1.1246752284632795,0.2373216399487807,1.2001125486943236,0.5944096399927598,1.2992520547540107,-0.4454952833991014,-0.8539212861992657
411.0,0.5177397436072003,0.7006911387342154,0.9705772783827123,0.12391890618420942,0.7211952603884999,1.3819124426320248,-0.06857970668263069,-0.1072232081024222
412.0,1.1802525703728188,1.45518342602977,1.2139038524066783,-0.15961288607736385,1.1742527230061508,1.1276856814576723,-0.49052725719254003,-0.04241664875341417
413.0,0.998511501287612,0.5478284645130179,0.38010246617141485,0.8994305278357929,1.3838899391703277,0.7485764585724093,-0.24503829902638719,0.5571357755420308
414.0,0.11336564180034772,-0.7257189424726587,-0.4668719831785153,-1.5734480249078897,1.0241376925513936,0.8134516022605507,0.029749993088545368,0.5141786589783061
415.0,-0.8628707276566122,-1.477114420408488,-1.2584032312471034,-0.5462076668338955,0.4742246609982759,0.09960538703321675,-0.5195604976371961,0.7215600217780875
416.0,-1.2334759839267404,-0.1762488769670731,-0.5160331800913022,-0.5729824648760795,-0.1004433613735485,1.0159891400406647,0.3611522730162993,1.2660634813545222
417.0,-0.29284494142086814,-0.6636725318167772,-0.24909582979728928,1.4936162267259807,-0.30515848694273934,-0.04980871801841766,0.5319499240700505,1.2078618092001068
418.0,0.14857803269394704,1.0371675547220744,0.8188231612027524,0.8363140358316444,-0.4654110469323364,-0.27051662070733296,0.7923252237784442,0.9524788735596574
419.0,0.9282935177106546,-0.25272857407726224,1.092372823808702,1.016864628065737,-0.20692032608407296,-0.5017105015701937,0.8675917523686618,0.9298880724798517
420.0,0.9238352966767209,0.49787217343963536,1.2448817142953859,0.019686223715843165,-0.7979860269850372,-0.2899341625915982,1.5301818740119826,0.79300751305092
421.0,1.251319803950279,0.7268970892930939,0.6618939203720658,-0.15164796310837503,-0.9577420557213363,-0.5169649547351028,1.2617088076468597,-0.2205119996976087
422.0,-0.13588740524822512,-1.1988565294960973,-0.5828941343514731,-0.23242493750859994,-1.041270464723468,-0.4789147237943771,0.7343136173323715,0.5561509233800017
423.0,-0.21623625412182962,-0.7110035186256389,-0.4447272699183979,-0.1833961536751485,-0.13776920997310493,-0.9621475749647819,0.19372115708588583,0.503128422844862
424.0,-1.2457873702275901,-0.3681884479959386,-0.6782878390054319,-1.1941562360073448,0.426399042345878,-0.45619233975764445,-0.36222482787654126,-0.7362142398546391
425.0,-1.0421435876465477,0.17179397304473448,-0.8398323523071143,0.4581634962169958,0.5949346612186801,-0.08786383995155256,0.09253007385211187,-1.1151496501172535
426.0,0.09056051838817891,0.9221280745626702,0.3939804429872471,1.7545709052610112,0.9192846705243878,0.2393751867435142,-0.29477527378401674,-0.1081428164653544
427.0,0.5804356580115123,1.3209433164308264,0.9448158044354746,0.570484082707401,1.3584684248925347,1.4219283569282308,-0.6546982604993016,0.06777580387093568
428.0,1.2153803921834985,1.0030093245341045,1.0498222265205843,-0.27968081792401844,0.9581750686379962,1.590162825936264,-0.7245236555414715,-0.6172233128697151
429.0,1.0733293569584812,0.3240264080004812,0.6558237456330859,-0.8333665507644158,1.6109662910560258,2.406047044073844,-1.31498846119619,0.36054083261302594
430.0,0.44498946086675917,0.04420820182665963,-0.18499066417218551,-0.23319439186417057,0.5292043478424909,-0.783879769157379,-0.7330508654961627,0.6488246391486799
431.0,-1.1153314163516517,-0.47295118373383027,-0.6413793772450659,-0.6009412921979537,0.8663219166780337,0.5627999997147752,-0.2554848581482124,0.6217088495420402
432.0,-0.8695897806152505,-0.5281668383141372,-0.6268303349710813,-0.6960554254202846,0.573256360583751,0.38780922694150577,0.077625117606798,1.5614085296123854
433.0,-0.753475247243522,0.03264997309950435,0.21835365410482765,0.11651243115983811,-0.5880424563466136,-1.0226155238979922,1.0971030020722852,1.4031410011583338
434.0,-0.33134622191576235,0.7345975843080851,0.7548801900684112,0.29608292757051136,-0.20241214992570822,0.04581671142307964,1.5002405411855158,1.8247994136461567
435.0,0.19973883313549234,0.6514166801749719,0.777418432452619,0.5956153105203713,-1.1092246270054358,0.02316411613561864,0.5526199810873181,1.770131828316863
436.0,0.9898858211255304,0.4272700853595234,0.6484897638050721,0.4668336211784795,-0.6060319832902239,-0.7024375359338492,1.4028302810940483,1.6162089132705608
437.0,1.3869618657986604,0.12792128753104212,0.7036604604414424,-0.05190168638391107,-0.949958976870506,0.29080666034800184,1.4368826970960162,0.6200260942288971
438.0,0.10813504952524222,-0.7629404552910415,-0.15491855382991526,-0.019839609396374636,-0.9642223402278393,-1.8864675897635352,1.1136857972858094,-0.6224597908573546
439.0,-0.6812126774035467,-1.3313006183958642,-0.43371587575231857,-1.5357886296142178,-0.534814096508352,-0.9255319023248552,-0.19423135406926817,-0.6992015980619887
440.0,-0.3455078193785158,0.13182568610762235,-0.0854631030020786,-0.9529726773668549,-0.46154300854990954,-0.2859969383490449,0.5970973447588506,-0.5375594798895069
441.0,-1.031919742779131,0.9241199312101391,-0.31344742231541556,0.31354036553583525,0.3121742925109839,0.33445294773390905,-0.5867745441916281,-1.0440466125210848
442.0,-0.559128901621325,0.47285556212300445,0.8387690067091306,1.1710188034649114,0.7341131524360024,0.8441595047797581,-0.5863245156843618,-0.4676567789906665
443.0,0.3753538931192717,0.8767446766502197,0.40268005014085595,1.2568169255211974,0.6015395486218793,1.0881458923063665,-0.6636310118786222,-1.409540928848314
444.0,0.8675862139274308,0.3915546719768293,1.039236134597131,0.47542838445268326,0.323545304528858,0.7604857286115796,-1.16082682692381,0.005566114242126975
445.0,0.8329048173920162,-0.0007619558791352732,0.8010039030146856,-0.7408602229013749,1.2846896505461722,0.3781175798550618,-0.6753973233248834,0.0931286136822567
446.0,0.8362025936342988,-0.8045962189324912,0.034580002647983,-0.6218873780741514,0.6768119197240864,1.9470062293485435,-0.43431145529080684,0.8315339479303905
447.0,-0.4589538035266195,-0.8901730863730862,-1.3787032888262432,-0.30059674215987536,0.7967430533181168,1.0877662063945972,-0.42914775385658194,0.7849686083071402
448.0,-1.6364804923709628,-0.23286156800813063,-0.7935527937120153,-0.20194640950273107,0.4345839724628198,0.17934802186901722,0.8337752042824109,1.6448435838761197
449.0,-0.5044232754043525,1.11503462019376,0.018352827978959596,1.090755009964858,-0.10413272089996502,-0.0037059104576169753,0.12972459151855986,0.9495843835535512
450.0,-0.1381828877264366,-0.026742501202896563,0.29079448617151016,2.392384839335074,-0.4582173700755595,-0.6955065049394296,1.092616193267198,-0.3367402672203492
451.0,0.8657859759264477,1.278640014002653,0.9651991336021298,0.24586480861663307,-0.6222040317390932,-1.2479341826490642,1.2592607524353372,1.2391490999857318
452.0,1.4921798617865527,0.988883581498754,1.542421659964446,0.9569845437770541,-0.9388133123781028,-1.226363834485832,0.8083114323237379,0.4153108247462469
453.0,0.8955564397151855,0.8820055571074878,0.5039611907370949,0.5934912237782377,-1.1350555098877857,-1.3586315261377175,0.7935168162835319,0.24857676558550706
454.0,0.4855831744265825,0.2867393070738209,-0.6176903555305822,-0.9184142656281923,-1.2107236637755225,-0.5139707631821429,1.06963207397705,-1.3475684874066047
455.0,-0.4799038874111966,0.20858653142856587,-0.276993858602213,-0.22326020422363946,-0.3346921184026275,-1.2237162946456168,0.34854416006609823,-0.29050722216133734
456.0,-0.4847592489740153,-1.8481209632452131,-0.34936194869666126,-0.9659502671854545,-0.2960228561623334,0.02242984139369783,0.1205754108067382,-0.8086357103545286
457.0,-0.8084429718091365,-0.001314000290037129,0.2589313266754008,0.10874467558928969,0.19045664976018387,0.103302413228502,-0.6408847914717591,-0.9059042258882696
458.0,0.22567848462580672,0.5511773082393604,1.4160752818603402,1.2560437074824413,0.8971330883585009,0.9425516233430619,-1.000137132573137,-1.5033231687058737
459.0,0.9996946333168258,2.051458311811939,1.212188175631926,3.0508122815737475,0.896327157855171,0.24086755715962416,-0.6165189129854572,0.38834632473230335
460.0,0.8179874954999995,1.447746348285818,1.1429475816098331,0.30249981619504085,0.7021558748218467,0.22274748289254132,-0.6051715519276408,0.9927607853987944
461.0,0.8544800014478167,-0.6615743207453392,0.015607201299332907,-1.105638488938616,1.687710925960444,1.3622845238848993,-0.8295591853381873,-0.23770407524270987
462.0,0.12341357996339994,-0.4852096260673596,-0.5265289079475497,-0.6698651107568357,0.33266833835112286,0.40599262500526256,-0.13355726260272138,-0.3694300583161838
463.0,0.007081035328639462,0.3284872102432248,-0.8323975280349664,-0.4458430876433955,0.830997848468922,0.7641561199002482,-0.3713231795388685,0.6005045707370695
464.0,-0.6625393383728557,-1.2240325450196385,-0.8143772673279507,0.3911689589413817,0.42888557856027243,-0.1445482771819715,-0.18783330912791624,0.8095337467000254
465.0,-0.7115042897381557,0.21241925811362103,0.09898943030914606,1.7386423471098296,0.16733833095913195,-0.36195330093958944,0.43113307240001025,0.6654072167623178
466.0,-0.10664834359124699,0.48759108069735224,0.33372872172037354,1.9584365833407267,-0.5540628322274181,-1.041860078274699,0.6740027240158768,1.325577693310084
467.0,0.9157297408095852,1.5092189001975038,1.094519186379032,0.7512887033485304,-0.6841997473712074,-0.5418046063334647,0.9319673837024436,-0.014487356681925134
468.0,0.8894369853058551,0.8230636232653884,0.9942107253297859,0.4808811833844362,-1.6369137616723513,-0.9524863617918492,0.8427711072552322,0.2117799218414773
469.0,1.118755245316608,-0.4265709679676437,0.6867852073709071,-0.8667712397757749,-0.2395073982275162,0.006042729990845097,1.141292140546566,-0.8254235403145858
470.0,0.3536015614228091,-0.1441426326227122,-0.14069626082170952,-1.1792963946795747,-0.9628710699220231,-1.3491106100493364,0.918382967800335,-0.173989095917178
471.0,-0.4355285156702168,-0.5683760301069205,-0.2821158491261537,-1.6142763575392158,-0.23759673543338347,-0.29771098076575303,0.21855378179778207,-1.2803333665181476
472.0,-1.6304450661325531,-0.006578118505865649,-0.9796242445950752,-1.0968049153603585,-0.19572412757978486,-0.34657945268037393,0.23037095878934005,-0.6067568008437
473.0,-0.757922920390489,-0.2678584583327206,-0.08332951127110401,0.4773256094055122,0.7745349764463795,-0.8668203295450498,-0.5002306253270031,-0.7397586632508046
474.0,-0.12109435510372643,1.1971415762390951,0.5712983205917549,0.38816558237870347,0.811590895981702,0.056825320552439496,-1.0070086688932194,-0.7627253464528038
475.0,0.35259856877968343,0.8737550732285939,1.3978501682716424,1.936760319501551,1.4440482801275873,1.5448569068363214,-0.382798209671479,-0.6946691748141287
476.0,0.9970703877958199,0.6979842702417078,0.7095064249140481,0.6326619833857998,1.166474628151304,0.6740943023672402,-0.5854413929287283,0.747891622174703
477.0,0.853415777334775,-0.8977221255001417,0.43683106801757676,0.18408975593339588,0.7724338542003848,1.7200918969486083,-0.7202498749919499,0.30313873591253176
478.0,0.6556983394798557,-0.3858251591789034,-0.8950029798246433,-0.296827821145718,0.940199845657438,0.8496901648567113,-0.8931059888111659,1.232060149807059
479.0,-0.9924442083471963,-1.2141769788794026,-1.1553766832116656,-0.34228959142598375,0.4617308210186104,0.37851357652904294,-0.5645437336900075,0.05350710151592897
480.0,-0.7553312221937024,-0.7277265873681796,-0.44179712939926746,0.8967743544878934,0.8618033494478294,0.5100387968582335,0.45692952266425024,-1.0358442521127635
481.0,-0.4416670697044549,0.09705874425428382,0.41759839393961357,0.33222899578745807,-0.03827269507810763,0.6183762543690261,0.8170505273405755,0.9463755914040146
482.0,-0.5591450957106185,1.4292857625112272,0.6043707521185147,1.3519372799273677,-0.027906574905843806,0.755220019349928,1.1589835472827852,2.034370504846983
483.0,0.7378480793656027,0.5452421148596661,1.2366465151278259,0.17911354827182668,-0.6502440505540414,-0.4088945252534934,1.629117588644567,1.2630837131239299
484.0,0.9329865363786446,0.007956350947705637,0.7746277799057313,0.5810747280031446,-0.9782369786262154,0.32195149020938096,1.354000305396702,0.4782203825092589
485.0,1.0311801453263492,-0.5776104998262988,0.48784976449052553,-1.2667636331269065,-1.7100320250231595,-1.4260929951337915,1.2285772922081684,0.32226049080427654
486.0,-0.3913041626654178,-0.32177223348270667,-0.1659925631347643,-1.6357720326767102,-1.1291364383640237,-0.7732024758751149,0.9024442109422238,1.1971200292696582
487.0,-0.42468728808695616,-0.23635399077260633,-1.3057361949594457,-0.8032483633992893,-0.8008918170529169,-1.2078719212886788,-0.29158212086261803,-0.7071076634229108
488.0,-0.3234500456852448,-0.33994595813887546,-0.7555870541993454,0.8953234109103725,-0.02967208621310651,0.04147280062669362,0.14296275171517936,0.12209058129410544
489.0,-0.9800849013749892,0.29624518265015737,-0.17605378818999523,1.4600610602831576,0.36037631254296953,-0.25011806294566924,-0.3279367669948313,-1.8391640185079239
490.0,0.11063633435885006,-0.030938805111179635,1.0443026154918662,1.4973934661542116,0.3727674594391056,0.13050688823170425,-0.5504966501162372,0.09762719202619374
491.0,0.6550600022878461,1.3458112689594663,1.127834538325969,1.1867939884975451,1.5014820543815053,0.88948696475072,-0.6509904643319876,-0.003122622018959187
492.0,0.2778797390703768,1.2762565766224565,0.8825973057035468,0.8745134155867282,0.9778450850260593,1.2816357466210442,-1.0916668747702298,-0.1130229385653571
493.0,0.8682066371982904,1.3361132282040358,0.6457881757042478,-0.8393113735573793,0.8980932542113576,1.1483647579571927,-0.540127570983925,1.36021947908117
494.0,0.22014224027129006,-0.7629586511059134,-0.29697646551847245,-1.1694191518374937,0.9521252193375149,0.9144342670399095,-0.2247814220050899,0.6936973810598506
495.0,-0.6552031189747224,-0.4605643922051925,-0.6132916151314486,-1.4933997129650431,0.26611913653148295,1.1827229732244091,-0.20012324816417681,1.5365597659942734
496.0,-1.4078524233776832,0.9357268737886091,-1.1077879683618046,-0.9631377356382931,0.4993563161927826,-0.0797308065153648,0.4182012688011377,0.6143733350887048
497.0,-0.7286586275949642,0.4427300142099049,0.10486639998475591,-0.14705998410300292,-0.38442628545050916,0.42008283566184956,0.8144178264215162,2.1351722956361083
498.0,0.08594961981790593,0.9428182867062527,1.0017952372916121,1.2801649363025298,-1.0054178916316756,0.5011273772237772,0.2260386196736911,2.1719626656779343
499.0,0.6442981876159879,1.7113401805126345,1.1804964147931323,1.5093485311240251,-0.597868745427423,-1.947226257214427,0.8866151071220517,-0.4117537477258918
